ธนาคารแห่งประเทศไทย EC_EI_027 : เครื่องชี้เศรษฐกิจมหภาคของไทย 1/ ปรับปรุงล่าสุด : 30 ก.ย. 2567 14:30 วันที่เรียกข้อมูล : 30 ก.ย. 2567 20:19 ,Unnamed: 1,2522 ,2523 ,2524 ,2525 ,2526 ,2527 ,2528 ,2529 ,2530 ,2531 ,2532 ,2533 ,2534 ,2535 ,2536 ,2537 ,2538 ,2539 ,2540 ,2541 ,2542 ,2543 ,2544 ,2545 ,2546 ,2547 ,2548 ,2549 ,2550 ,2551 ,2552 ,2553 ,2554 ,2555 ,2556 ,2557 ,2558 ,2559 ,2560 ,2561 r,2562 r,2563 r,2564 r,2565 p,2566 p,2567 p
1,1. จำนวนประชากร (ล้านคน),46.11,46.96,47.87,48.84,49.51,50.58,51.79,52.97,53.87,54.96,55.89, 55.84 , 57.03 , 57.62 , 58.44 , 59.24 , 59.28 , 59.90 , 60.50 , 61.20 , 61.80 , 61.88 , 62.31 , 62.80 , 63.08 , 61.97 , 62.42 , 62.83 , 63.04 , 63.39 , 63.53 , 63.88 , 64.08 , 64.46 , 64.79 , 65.12 , 65.73 , 65.93 , 66.19 , 66.41 , 66.56 , 66.19 , 66.17 , 66.09 , 66.05 ,....
2,2.ผลิตภัณฑ์ในประเทศ (อนุกรมใหม่) 2/,,,,,,,,,,,,,,,,,,,,,,,,,,,,,,,,,,,,,,,,,,,,,,
3,2.1 ผลิตภัณฑ์มวลรวมในประเทศ แบบปริมาณลูกโซ่ (พันล้านบาท),,,,,,,,,,,,"3,373.5","3,656.9","3,994.5","4,341.0","4,688.2","5,068.9","5,355.4","5,207.9","4,810.3","5,030.3","5,254.3","5,435.4","5,769.6","6,184.4","6,573.3","6,848.6","7,188.8","7,579.5","7,710.3","7,657.1","8,232.4","8,301.6","8,902.8","9,142.1","9,232.1","9,521.4","9,848.5","10,259.9","10,693.2","10,919.3","10,258.7","10,419.6","10,676.2","10,877.2",....
4,         (% การเปลี่ยนแปลง),,,,,,,,,,,,,8.4,9.2,8.7,8.0,8.1,5.7,-2.8,-7.6,4.6,4.5,3.4,6.1,7.2,6.3,4.2,5.0,5.4,1.7,-0.7,7.5,0.8,7.2,2.7,1.0,3.1,3.4,4.2,4.2,2.1,-6.1,1.6,2.5,1.9,....
5,      2.1.1 ภาคเกษตรกรรม  (พันล้านบาท),,,,,,,,,,,,334.7,357.4,373.3,380.8,406.2,411.4,433.2,431.1,434.1,455.0,486.0,500.9,501.5,561.5,555.2,554.9,576.7,587.7,604.9,603.4,600.7,638.5,655.8,660.4,658.5,615.9,608.8,638.1,677.0,670.4,649.2,663.8,680.3,693.4,....
6,         (% การเปลี่ยนแปลง),,,,,,,,,,,,,6.8,4.5,2.0,6.7,1.3,5.3,-0.5,0.7,4.8,6.8,3.1,0.1,12.0,-1.1,-0.1,3.9,1.9,2.9,-0.2,-0.5,6.3,2.7,0.7,-0.3,-6.5,-1.2,4.8,6.1,-1.0,-3.2,2.2,2.5,1.9,....
7,      2.1.2 นอกภาคเกษตรกรรม  (พันล้านบาท),,,,,,,,,,,,"3,041.3","3,302.4","3,625.3","3,966.9","4,288.7","4,664.7","4,930.0","4,783.1","4,378.3","4,577.2","4,770.6","4,936.6","5,268.1","5,622.9","6,019.9","6,298.2","6,617.8","7,001.7","7,113.8","7,061.1","7,652.7","7,667.9","8,268.9","8,512.4","8,610.0","8,972.6","9,321.0","9,704.8","10,098.0","10,339.4","9,687.4","9,833.1","10,075.0","10,264.2",....
8,         (% การเปลี่ยนแปลง),,,,,,,,,,,,,8.6,9.8,9.4,8.1,8.8,5.7,-3.0,-8.5,4.5,4.2,3.5,6.7,6.7,7.1,4.6,5.1,5.8,1.6,-0.7,8.4,0.2,7.8,2.9,1.1,4.2,3.9,4.1,4.1,2.4,-6.3,1.5,2.5,1.9,....
9,   2.2 ผลิตภัณฑ์รวม ณ ราคาปัจจุบัน (พันล้านบาท),,,,,,,,,,,,"2,263.5","2,583.5","2,935.6","4,405.8","4,761.9","5,076.1","5,363.2","5,252.5","4,826.1","5,033.8","5,069.8","5,345.0","5,769.6","6,317.3","6,954.3","7,614.4","8,400.6","9,076.3","9,706.9","9,658.7","10,808.1","11,306.9","12,357.3","12,915.2","13,230.3","13,743.5","14,590.3","15,488.7","16,373.3","16,889.2","15,661.3","16,188.6","17,378.0","17,921.2",....
10,      (% การเปลี่ยนแปลง),,,,,,,,,,,,,14.1,13.6,11.2,13.0,14.3,10.0,1.5,-0.2,1.9,5.8,5.4,7.9,9.5,10.1,9.5,10.3,8.0,6.9,-0.5,11.9,4.6,9.3,4.5,2.4,3.9,6.2,6.2,5.7,3.2,-7.3,3.4,7.3,3.1,....
11,   2.3 ผลิตภัณฑ์ประชาชาติ (บาทต่อคน),,,,,,,,,,,,"39,965.0","45,084.0","50,506.0","55,622.0","62,133.0","70,160.0","75,875.0","75,856.0","74,202.0","75,413.0","79,852.0","83,000.0","88,420.0","95,689.0","104,452.0","113,546.0","125,550.0","135,312.0","143,520.0","142,200.0","157,088.0","166,356.0","176,675.0","180,034.0","185,733.0","191,723.0","203,521.0","215,041.0","225,478.0","234,700.0","220,318.0","224,233.0","241,632.0",,....
12,3. อัตราเงินเฟ้อ,,,,,,,,,,,,,,,,,,,,,,,,,,,,,,,,,,,,,,,,,,,,,,
13,   3.1 ดัชนีราคาผู้บริโภคทั่วไป (2562=100),24.5,29.3,33.1,34.8,36.1,36.4,37.3,38.0,38.9,40.4,42.6, 45.10 , 47.70 , 49.60 , 50.00 , 52.50 , 55.50 , 58.80 , 62.10 , 67.00 , 67.20 , 70.10 , 71.20 , 71.70 , 73.00 , 75.10 , 78.40 , 82.10 , 83.90 , 88.50 , 87.70 , 90.63 , 91.65 , 94.41 , 96.47 , 98.30 , 97.42 , 97.60 , 98.25 , 99.30 , 100.00 , 99.15 , 100.37 , 106.47 , 107.78 ,....
14.00,      (% การเปลี่ยนแปลง),9.9,19.71,12.77,5.18,3.76,0.88,2.48,1.9,2.4,3.9,5.3,5.93,5.70,4.10,3.52,5.00,5.71,5.95,5.61,7.89,0.30,1.60,1.60,0.70,1.80,2.70,4.50,4.70,2.30,5.50,-0.90,3.30,3.81,3.01,2.18,1.90,-0.90,0.18,0.67,1.07,0.70,-0.85,1.23,6.08,1.23,....
15,   3.2 ดัชนีราคาผู้บริโภคพื้นฐาน (2562=100) 3/,,,,,,,44.3,45.6,46.8,48.3,50.9, 54.00 , 56.70 , 59.10 , 60.40 , 63.60 , 66.90 , 70.40 , 73.70 , 79.00 , 80.40 , 83.00 , 84.00 , 84.40 , 84.50 , 84.90 , 86.30 , 88.20 , 89.10 , 91.20 , 91.40 , 92.29 , 92.12 , 94.05 , 94.99 , 96.50 , 97.52 , 98.23 , 98.78 , 99.48 , 100.00 , 100.29 , 100.52 , 103.04 , 104.35 ,....
16,     (% การเปลี่ยนแปลง),,,,,,,,2.9,2.71,3.11,5.45, 6.14 , 4.90 , 4.13 , 4.86 , 5.30 , 5.19 , 5.23 , 4.69 , 7.19 , 1.77 , 0.71 , 1.30 , 0.40 , 0.20 , 0.40 , 1.60 , 2.30 , 1.10 , 2.40 , 0.30 , 1.00 , 2.37 , 2.10 , 1.00 , 1.59 , 1.06 , 0.73 , 0.56 , 0.71 , 0.52 , 0.29 , 0.23 , 2.51 , 1.27 ,....
17,4. ภาคต่างประเทศ,,,,,,,,,,,,,,,,,,,,,,,,,,,,,,,,,,,,,,,,,,,,,,
18,   4.1 สินค้าออก (ตามนิยามดุลการชำระเงิน) (พันล้านดอลลาร์ สรอ.),5.2,6.4,6.9,6.8,6.3,7.3,7.1,8.8,11.6,15.9,19.9,22.9,28.3,32.2,36.6,44.7,55.7,54.7,56.7,52.9,56.8,67.9,63.1,66.1,78.1,94.9,109.4,127.9,151.3,175.2,151.8,192.9,221.4,227.7,227.5,226.6,213.4,213.5,233.7,251.1,242.7,227.0,270.6,285.2,280.7,....
19,      (% การเปลี่ยนแปลง),30.0,23.1,7.8,-1.4,-7.4,15.9,-2.7,23.9,31.8,37.1,25.2,15.1,23.6,13.8,13.4,22.1,24.8,-1.9,3.8,-6.8,7.4,19.5,-7.1,4.8,18.2,21.6,15.2,17.0,18.2,15.9,-13.4,27.1,14.8,2.8,-0.1,-0.4,-5.9,0.1,9.5,7.5,-3.3,-6.5,19.2,5.4,-1.5,....
20,   4.2 สินค้าเข้า (ตามนิยามดุลการชำระเงิน) (พันล้านดอลลาร์ สรอ.),6.8,8.4,8.9,7.6,9.2,9.2,8.4,8.5,12.0,17.8,22.7,29.4,34.0,36.1,40.6,47.7,63.3,63.7,55.2,36.6,42.8,56.2,54.5,57.0,66.9,84.2,106.0,114.3,124.6,157.9,120.6,166.2,209.2,227.6,227.4,209.4,187.2,177.7,201.1,228.7,216.0,186.6,238.6,271.6,261.4,....
21,      (% การเปลี่ยนแปลง),,24.0,6.5,-15.2,21.4,0.0,-8.8,1.1,41.5,48.9,27.3,29.8,15.6,6.1,12.4,17.7,32.7,0.6,-13.4,-33.8,16.9,31.3,-3.0,4.6,17.4,10.7,25.9,7.8,9.1,26.7,-23.6,37.9,25.9,8.8,-0.1,-7.9,-10.6,-5.1,13.2,13.7,-5.6,-13.6,27.9,13.8,-3.8,....
22,   4.3 ดุลการค้า (พันล้านดอลลาร์ สรอ.),-1.6,-2.0,-2.0,-0.8,-2.9,-1.9,-1.3,0.3,-0.4,-1.9,-2.8,-6.5,-5.7,-3.9,-4.0,-3.0,-7.6,-9.0,1.5,16.3,14.0,11.7,8.6,9.1,11.2,10.7,3.4,13.7,26.6,17.3,31.2,26.7,12.2,0.0,0.0,17.2,26.1,35.8,32.6,22.4,26.7,40.4,31.9,13.5,19.4,....
23,   4.4 ดุลบัญชีเดินสะพัด (พันล้านดอลลาร์ สรอ.),-2.1,-2.1,-2.6,-1.0,-2.9,-2.1,-1.5,0.3,-0.3,-1.5,-2.4,-7.1,-7.4,-6.1,-6.1,-7.8,-13.2,-14.3,-3.1,14.3,12.5,9.3,5.1,4.7,4.8,2.8,-7.6,2.3,15.6,0.9,22.2,11.5,9.4,-4.9,-8.8,11.6,27.8,43.4,44.0,28.5,38.3,20.9,-10.7,-17.2,7.4,....
24,      (%ของผลิตภัณฑ์รวม),-7.6,-6.4,-7.4,-2.8,-7.2,-5.0,-3.9,0.7,-0.6,-2.4,-3.3,-8.3,-7.5,-5.5,-4.9,-5.4,-7.9,-7.9,-2.0,12.7,10.2,9.2,7.0,6.8,7.3,6.2,-4.0,1.0,5.9,0.3,7.9,3.3,2.6,-1.2,-2.0,2.9,6.9,10.5,9.6,5.6,7.0,4.2,-2.1,-3.5,1.4,....
25,   4.5 เงินทุนเคลื่อนย้ายสุทธิ (พันล้านดอลลาร์ สรอ.),1.6,2.5,2.5,1.7,1.5,2.5,1.9,-0.4,1.1,3.7,5.7,9.7,11.3,8.1,10.5,12.2,21.9,19.5,-4.3,-9.8,-7.9,-10.3,-3.4,-1.8,-4.7,3.6,7.9,7.4,-0.2,17.3,1.4,23.6,-8.3,12.8,-2.5,-16.0,-16.8,-20.2,-10.5,-12.3,-16.5,-15.1,-7.0,6.7,-11.9,....
26,      4.5.1 ธนาคารกลาง,,,,,,,,,,,,,,,,,,,1.7,3.9,4.0,-0.2,-0.3,4.0,2.6,3.0,0.5,0.4,-0.9,0.3,1.5,2.7,-0.1,1.0,-4.6,-3.0,-1.4,1.1,3.1,-1.7,-1.3,-1.4,5.7,0.0,-1.5,....
27,      4.5.2 รัฐบาล,,,,,,,,,,,,,,,,,,,,,,,,,,,(0.90),(0.80),(2.20),(0.30), 0.50 , 3.60 , 3.40 , 6.50 , 4.60 , 1.40 ,(1.70), 1.00 , 2.20 , 3.70 ,(2.40),(7.70), 1.50 ,(1.10), 4.00 ,....
28,      4.5.3 สถาบันการเงินที่รับฝากเงิน (นอกจากธนาคารกลาง)  4/,,,,,,,,,,,,,,,,,,,,,,,,,,, 0.10 ,(9.10),(1.70), 11.20 , 9.20 , 8.20 ,(8.20), 16.40 , 3.20 ,(5.50),(12.80),(0.70), 4.20 ,(5.90),(2.60),(2.10), 3.70 ,(15.90),(0.40),....
29,      4.5.4 ภาคอื่น ๆ,,,,,,,,,,,,,,,,,,,,,,,,,,, 8.30 , 16.80 , 4.70 , 6.10 ,(9.80), 9.00 ,(3.40),(11.10),(5.70),(9.00),(0.90),(21.50),(20.00),(8.50),(10.30),(3.90),(18.00), 23.60 ,(13.90),....
30,   4.6 ดุลการชำระเงิน (พันล้านดอลลาร์ สรอ.),-0.4,0.3,0.1,0.1,-0.8,0.4,0.5,0.4,0.9,2.5,4.0,3.8,4.2,3.0,3.9,4.2,7.2,2.2,-10.6,1.7,4.6,-1.6,1.3,4.2,0.1,5.7,5.4,12.7,17.1,24.7,24.1,31.3,1.2,5.3,-5.0,-1.2,5.9,12.8,26.0,7.3,13.6,18.4,-7.1,-10.2,2.6,....
31,   4.7 เงินสำรองทางการ (พันล้านดอลลาร์ สรอ.),3.1,3.1,2.8,2.7,2.6,2.7,3.0,3.8,5.2,7.1,10.5,14.3,18.4,21.2,25.4,30.3,37.0,38.7,27.0,29.5,34.8,32.7,33.0,38.9,42.1,49.8,52.1,67.0,87.5,111.0,138.4,172.1,175.1,181.6,167.3,157.1,156.5,171.9,202.6,205.6,224.3,258.1,246.0,216.6,224.5,....
32,   4.8 ภาระเงินตราต่างประเทศล่วงหน้า (พันล้านดอลลาร์ สรอ.),,,,,,,,,,,,,,,,,,,18.0,6.6,4.8,2.1,2.1,0.5,-5.2,-4.6,-3.8,-7.0,-19.1,-7.0,-15.7,-19.6,-31.3,-24.2,-23.0,-23.1,-11.7,-25.8,-36.7,-33.7,-34.7,-28.3,-33.2,-29.2,-30.1,....
33,   4.9 หนี้ต่างประเทศคงค้างทั้งสิ้น (พันล้านดอลลาร์ สรอ.),6.8,8.7,11.1,12.2,14.0,15.7,17.5,18.3,20.0,21.1,22.9,29.3,37.9,43.6,52.1,64.9,100.8,108.7,109.3,105.1,95.1,79.7,67.5,59.5,51.8,58.8,59.3,70.0,74.4,76.1,75.3,100.6,104.3,130.7,141.9,141.7,131.4,132.8,155.9,163.1,172.7,190.1,196.9,201.4,196.5,....
34,      - หนี้ทางการ 5/,3.1,4.4,6.3,7.2,8.1,8.5,10.6,12.1,13.9,13.3,12.1,11.5,12.8,13.1,14.2,15.7,16.4,16.8,24.1,31.6,36.2,33.9,28.3,23.3,17.0,15.3,15.2,15.4,14.9,14.8,15.4,26.3,27.7,39.7,36.5,35.2,29.6,31.7,40.6,43.8,44.7,43.6,48.3,47.9,42.7,....
35,   4.10 อัตราส่วนภาระหนี้ต่างประเทศ (%),18.1,17.8,19.3,21.0,23.2,23.9,27.4,24.7,19.8,15.0,12.9,10.8,10.6,11.3,11.2,11.7,11.4,12.3,15.7,21.4,19.4,15.4,20.8,19.6,16.0,8.5,11.1,11.2,12.0,8.2,7.5,4.7,3.4,4.2,4.0,4.9,6.4,5.9,5.8,6.3,6.9,7.7,6.3,7.1,7.6,....
36,      ภาระหนี้ทางการ (รวมธปท. ตั้งแต่ปี 2540),4.7,6.1,8.8,10.7,11.9,11.9,14.3,13.9,11.4,9.2,7.4,6.0,4.2,3.7,3.7,3.4,2.8,2.5,2.7,3.3,4.0,4.0,8.1,7.9,7.6,1.9,1.1,1.3,1.0,0.7,0.7,0.6,0.6,0.6,0.9,0.7,0.7,0.8,1.3,1.0,1.7,1.2,1.1,1.2,1.0,....
37,5. การคลัง (ตามปีงบประมาณ),,,,,,,,,,,,,,,,,,,,,,,,,,,,,,,,,,,,,,,,,,,,,,
38,   5.1 ดุลเงินสด (พันล้านบาท),-12.3,-21.8,-17.5,-42.5,-26.7,-34.9,-34.4,-39.9,-17.8,30.2,59.3,103.3,123.7,85.9,68.9,65.8,112.5,104.3,-87.1,-115.3,-134.4,-116.6,-107.9,-118.7,34.3,17.2,16.9,4.5,-94.8,-24.0,-417.1,-200.4,-159.9,-287.0,-208.9,-327.3,-344.2,-381.9,-406.3,-396.1,-310.0,-973.5,"-1,458.4",-953.2,-501.4,-549.6
39,      (% ของผลิตภัณฑ์รวม),-2.2,-3.3,-2.3,-5.1,-2.9,-3.5,-3.3,-3.5,-1.4,1.9,3.2,4.7,4.9,3.0,2.2,1.9,2.8,2.3,-1.9,-2.5,-2.9,-2.4,-2.1,-2.2,0.6,0.3,0.2,0.1,-1.1,-0.3,-4.4,-1.9,-1.4,-2.4,-1.6,-2.5,-2.5,-2.7,-2.7,-2.5,-1.8,-6.1,-9.1,-5.6,-2.8,-3.0
40,   5.2 ยอดหนี้คงค้างภาครัฐ (พันล้านบาท) 6/,,,,,,,,,,,,,,,,,,548.7,"1,525.5","2,073.5","2,607.1","2,804.3","2,934.4","2,943.0","2,930.0","3,126.6","3,277.5","3,233.1","3,178.5","3,408.2","4,001.9","4,230.7","4,448.3","4,937.2","5,430.6","5,690.8","5,783.3","5,988.4","6,369.3","6,781.0","6,901.8","7,848.2","9,337.5","10,373.9","11,084.6","11,641.9"
41,      หนี้ในประเทศ,,,,,,,,,,,,,,,,,,288.6,"1,133.6","1,598.3","1,737.6","1,937.9","2,025.1","2,118.8","2,219.5","2,455.9","2,677.0","2,727.0","2,765.2","3,020.8","3,617.6","3,868.2","4,097.2","4,596.6","5,052.5","5,332.6","5,423.0","5,641.9","6,067.8","6,519.0","6,684.4","7,708.8","9,169.2","10,196.9","10,929.8","11,507.2"
42,6. การเงิน 7/,,,,,,,,,,,,,,,,,,,,,,,,,,,,,,,,,,,,,,,,,,,,,,
43,   6.1 ปริมาณเงินความหมายแคบ (พันล้านบาท),,,,,,,,,,,,,,,,,,,415.3,404.4,562.8,504.4,567.8,656.3,750.0,829.3,889.7,910.6,998.9,"1,040.1","1,173.8","1,301.7","1,413.5","1,597.1","1,661.3","1,682.5","1,778.1","1,864.2","2,038.9","2,095.2","2,214.4","2,529.8","2,883.7","2,973.8","3,100.2","3,045.9"
44,     (% การเปลี่ยนแปลง),,,,,,,,,,,,,,,,,,,,-2.6,39.2,-9.5,11.5,15.6,14.3,10.6,7.3,2.3,9.7,4.1,12.9,10.9,8.6,13.0,4.0,1.3,5.7,4.8,9.4,2.8,5.7,14.2,14.0,3.1,4.2,3.8
45,   6.2 ปริมาณเงินความหมายกว้าง (พันล้านบาท),,,,,,,,,,,,,,,,,,,"5,266.8","5,742.4","5,828.7","6,056.3","6,404.1","6,488.1","7,062.1","7,470.9","7,926.4","8,572.5","9,108.5","9,943.2","10,616.2","11,778.1","13,559.1","14,965.7","16,062.2","16,809.0","17,554.6","18,295.7","19,212.9","20,109.6","20,841.0","22,958.4","24,061.6","25,001.9","25,481.7","25,563.7"
46,      (% การเปลี่ยนแปลง),,,,,,,,,,,,,,,,,,,,9.3,1.5,3.9,5.7,1.3,6.2,5.8,6.1,8.2,6.3,9.2,6.8,10.9,15.1,10.4,7.3,4.6,4.4,4.2,5.0,4.7,3.6,10.2,4.8,3.9,2.0,2.6
47,   6.3 สิทธเรียกร้องในประเทศ : รวมเงินลงทุน (% การเปลี่ยนแปลง),,,,,,,,,,,,,,,,,,,,,,,,,,4.7,4.6,1.1,3.9,7.7,4.7,10.0,16.0,15.2,7.9,5.3,5.2,4.5,4.7,4.8,2.7,7.5,9.4,4.3,4.2,1.9
48,      สิทธิเรียกร้องจากภาคธุรกิจที่ไม่ใช่สถาบันการเงิน และภาคครัวเรือนและสถาบันไม่แสวงหากำไร (% การเปลี่ยนแปลง) 8/,,,,,,,,,,,,,,,,,,,,,,,,,,5.5,6.0,3.0,3.3,7.5,3.5,12.0,17.0,14.6,9.6,4.7,5.6,4.2,4.6,5.8,2.4,4.5,4.5,2.5,1.6,0.6
49,   6.4 เงินรับฝากของสถาบันรับฝากเงินอื่น (% การเปลี่ยนแปลง) 9/,,,,,,,,,,,,,,,,,,,,,,,,,,5.1,5.8,7.3,2.3,8.5,5.5,8.7,10.1,23.0,9.2,4.7,5.1,3.8,5.1,4.7,3.9,9.9,4.5,4.5,1.5,2.2
50,   6.5 อัตราดอกเบี้ย (ณ สิ้นปี) 10/,,,,,,,,,,,,,,,,,,,,,,,,,,,,,,,,,,,,,,,,,,,,,,
51,      6.5.1 ลูกค้าชั้นดี MLR : ต่ำสุด,14.5,16.5,17.0,16.0,15.5,16.5,15.5,12.0,11.5,12.0,12.5, 16.25 , 14.00 , 11.50 , 10.50 , 11.75 , 13.75 , 13.00 , 15.25 , 11.50 , 8.25 , 7.50 , 7.00 , 6.50 , 5.50 , 5.50 , 6.50 , 7.50 , 6.85 , 6.75 , 5.85 , 6.12 , 7.25 , 7.00 , 6.75 , 6.75 , 6.50 , 6.25 , 6.03 , 6.03 , 6.00 , 5.25 , 5.25 , 5.33 , 6.70 , 7.05 
52,                ลูกค้าชั้นดี MLR : สูงสุด,14.5,16.5,17.0,16.0,16.5,16.5,15.5,12.25,11.5,12.0,13.5, 16.25 , 14.00 , 11.50 , 10.50 , 11.75 , 13.75 , 13.25 , 15.25 , 12.00 , 8.50 , 8.25 , 7.50 , 7.00 , 5.75 , 5.75 , 6.75 , 8.00 , 7.13 , 7.00 , 6.25 , 6.50 , 7.63 , 7.38 , 7.25 , 7.13 , 6.85 , 6.60 , 6.60 , 6.60 , 6.35 , 5.58 , 5.58 , 5.67 , 6.96 , 7.28 
53,      6.5.2 เงินฝากประจำ (1 ปี) : ต่ำสุด,9.0,12.0,13.0,12.5,12.5,12.5,11.0,7.25,7.25,7.75,9.5, 13.00 , 10.50 , 8.50 , 7.00 , 8.25 , 10.25 , 8.50 , 10.00 , 6.00 , 4.00 , 3.50 , 2.75 , 2.00 , 1.00 , 1.00 , 2.50 , 4.00 , 2.25 , 1.75 , 0.65 , 1.40 , 2.70 , 2.35 , 2.15 , 1.70 , 1.30 , 1.30 , 1.30 , 1.30 , 1.05 , 0.45 , 0.40 , 0.48 , 1.33 , 1.60 
54,                เงินฝากประจำ (1 ปี) : สูงสุด,9.0,12.0,13.0,12.5,12.5,12.5,11.0,7.25,7.25,9.5,9.5, 15.50 , 10.50 , 8.50 , 7.00 , 10.25 , 11.00 , 9.25 , 13.00 , 6.00 , 4.25 , 3.50 , 3.00 , 2.00 , 1.00 , 1.00 , 3.50 , 5.00 , 2.38 , 2.00 , 1.00 , 1.70 , 3.00 , 2.50 , 2.35 , 1.75 , 1.50 , 1.50 , 1.50 , 1.50 , 1.55 , 0.50 , 0.50 , 0.62 , 1.44 , 1.70 
55,7. อัตราแลกเปลี่ยน 11/,,,,,,,,,,,,,,,,,,,,,,,,,,,,,,,,,,,,,,,,,,,,,,
56,      (อัตราอ้างอิง)  เฉลี่ย (บาท : 1 ดอลลาร์ สรอ.),20.42,20.48,21.82,23.0,23.0,23.64,27.16,26.3,25.74,25.29,25.7, 25.59 , 25.52 , 25.40 , 25.32 , 25.15 , 24.92 , 25.34 , 31.37 , 41.37 , 37.84 , 40.16 , 44.48 , 43.00 , 41.53 , 40.27 , 40.27 , 37.93 , 34.56 , 33.36 , 34.34 , 31.73 , 30.49 , 31.08 , 30.73 , 32.48 , 34.25 , 35.30 , 33.94 , 32.31 , 31.05 , 31.30 , 31.98 , 35.07 , 34.81 , 36.02 
57,8. เครื่องชี้ภาคครัวเรือน 12/,,,,,,,,,,,,,,,,,,,,,,,,,,,,,,,,,,,,,,,,,,,,,,
58,      เงินให้กู้ยืมแก่ภาคครัวเรือนต่อ GDP,,,,,,,,,,,,,,,,,,,,,,,,,,,,,,,,,,76.1,81.1,84.4,85.9,84.0,82.5,82.7,84.1,94.2,94.6,91.6,91.4,....
หมายเหตุ:,,,,,,,,,,,,,,,,,,,,,,,,,,,,,,,,,,,,,,,,,,,,,,,
"1/ ข้อมูลของปีล่าสุดเป็นยอดสะสม ตั้งแต่เดือน ม.ค. ถึง เดือนปัจจุบัน และตัวเลข % การเปลี่ยนแปลง เป็นอัตราการเปลี่ยนแปลงเทียบระยะเดียวกันปีก่อน โดยในแต่ละหัวข้อมีความล่าช้า (lag) ของข้อมูลแตกต่างกัน  ดังนี้ 
ข้อ 1  เป็นข้อมูล lag 1 ปี
ข้อ 2  เป็นข้อมูลรายปี lag 10 เดือน
ข้อ 3 เป็นข้อมูลสะสมเฉลี่ยตั้งแต่ ม.ค. - เดือนล่าสุด lag 1 เดือน
ข้อ 4.1-4.4 ,4.5.1-4.5.3, 4.6-4.9 ,5.1 และ 6  เป็นข้อมูล lag 1 เดือน
ข้อ 4.5 และ 4.5.4 เป็นข้อมูล lag 1 ไตรมาส
ข้อ 4.10  เป็นข้อมูล lag 1 ไตรมาส
ข้อ 7  เป็นข้อมูลเฉลี่ยตั้งแต่ ม.ค. -  เดือนปัจจุบัน lag 1 เดือน
 ข้อ 8 ข้อมูลของปีล่าสุดเป็นข้อมูล ณ สิ้นไตรมาสก่อนล่าสุด lag 1 ไตรมาส",,,,,,,,,,,,,,,,,,,,,,,,,,,,,,,,,,,,,,,,,,,,,,,
2/ สศช. ได้ปรับปรุงการประมวลผลรายได้ประชาชาติของประเทศไทยอนุกรมใหม่ และเปลี่ยนแปลงวิธีการคำนวณเป็นแบบปริมาณลูกโซ่ โดยอนุกรมใหม่เริ่มตั้งแต่ปี 2533 เป็นต้นไป,,,,,,,,,,,,,,,,,,,,,,,,,,,,,,,,,,,,,,,,,,,,,,,
3/ ไม่รวมอาหารสดและพลังงาน,,,,,,,,,,,,,,,,,,,,,,,,,,,,,,,,,,,,,,,,,,,,,,,
4/ รวมธนาคารพาณิชย์และกิจการวิเทศธนกิจ,,,,,,,,,,,,,,,,,,,,,,,,,,,,,,,,,,,,,,,,,,,,,,,
5/ รวมหนี้ธนาคารแห่งประเทศไทย,,,,,,,,,,,,,,,,,,,,,,,,,,,,,,,,,,,,,,,,,,,,,,,
6/ ไม่รวมหนี้ธนาคารแห่งประเทศไทยและหนี้กองทุนเพื่อการฟื้นฟูและพัฒนาระบบสถาบันการเงิน,,,,,,,,,,,,,,,,,,,,,,,,,,,,,,,,,,,,,,,,,,,,,,,
7/ ตั้งแต่ปี 2546 เป็นการจัดทำข้อมูลการเงินตามคู่มือ MFSM 2000,,,,,,,,,,,,,,,,,,,,,,,,,,,,,,,,,,,,,,,,,,,,,,,
8/ ตั้งแต่ปี 2554 เปลี่ยนขอบเขตข้อมูลจาก ภาคธุรกิจที่ไม่ใช่สถาบันการเงิน (ไม่รวมรัฐวิสาหกิจ) ภาคครัวเรือนและสถาบันไม่แสวงหากำไร และสถาบันการเงินอื่น เป็น ภาคธุรกิจที่ไม่ใช่สถาบันการเงิน (ไม่รวมรัฐวิสาหกิจ) และภาคครัวเรือนและสถาบันไม่แสวงหากำไร,,,,,,,,,,,,,,,,,,,,,,,,,,,,,,,,,,,,,,,,,,,,,,,
9/ ไม่รวมเงินรับฝากระหว่างสถาบันรับฝากเงิน,,,,,,,,,,,,,,,,,,,,,,,,,,,,,,,,,,,,,,,,,,,,,,,
10/ ข้อมูลจาก 5 ธนาคารพาณิชย์ขนาดใหญ่,,,,,,,,,,,,,,,,,,,,,,,,,,,,,,,,,,,,,,,,,,,,,,,
11/ ตั้งแต่ กรกฎาคม 2540 ใช้อัตราแลกเปลี่ยนเฉลี่ยระหว่างธนาคาร,,,,,,,,,,,,,,,,,,,,,,,,,,,,,,,,,,,,,,,,,,,,,,,
12/ เครื่องชี้เงินให้กู้ยืมแก่ภาคครัวเรือนต่อ GDP คำนวณจากยอดคงค้างสินเชื่อภาคครัวเรือน (เงินให้กู้จากสถาบันต่างๆ ได้แก่ สถาบันการเงิน และสถาบันอื่นๆ (กองทุนเงินให้กู้ยืมเพื่อการศึกษา การเคหะแห่งชาติ สหกรณ์การเกษตร สหกรณ์ประมง สหกรณ์นิคม สหกรณ์ร้านค้า และสหกรณ์บริการ)) หารด้วย ผลรวม QGDP 4 ไตรมาสย้อนหลัง เริ่มต้น ปี 2555,,,,,,,,,,,,,,,,,,,,,,,,,,,,,,,,,,,,,,,,,,,,,,,
